﻿Location,Pincode,State,District,Time
A I staff colony,400029,Maharashtra,Mumbai,58
Aareymilk Colony,400065,Maharashtra,Mumbai,22
Agripada,400011,Maharashtra,Mumbai,66
Airport,400099,Maharashtra,Mumbai,28
Ambewadi,400004,Maharashtra,Mumbai,85
Andheri,400053,Maharashtra,Mumbai,31
Andheri East,400069,Maharashtra,Mumbai,39
Andheri Railway station,400058,Maharashtra,Mumbai,37
Antop Hill,400037,Maharashtra,Mumbai,50
Asvini,400005,Maharashtra,Mumbai,66
Azad Nagar,400053,Maharashtra,Mumbai,24
B P t colony,400003,Maharashtra,Mumbai,96
B.N. bhavan,400051,Maharashtra,Mumbai,33
B.P.lane,400003,Maharashtra,Mumbai,87
Bandra West,400050,Maharashtra,Mumbai,24
Bandra(east),400051,Maharashtra,Mumbai,30
Bangur Nagar,400090,Maharashtra,Mumbai,22
Bazargate,400001,Maharashtra,Mumbai,94
Best Staff colony,400012,Maharashtra,Mumbai,92
Bharat Nagar,400007,Maharashtra,Mumbai,86
Bhawani Shankar,400028,Maharashtra,Mumbai,50
Bhawani Shankar rd,400028,Maharashtra,Mumbai,57
Borivali,400091,Maharashtra,Mumbai,34
Borivali East,400066,Maharashtra,Mumbai,33
Borvali West,400092,Maharashtra,Mumbai,29
C G s colony,400013,Maharashtra,Mumbai,69
Central Building,400020,Maharashtra,Mumbai,45
Century Mill,400030,Maharashtra,Mumbai,52
Chakala Midc,400093,Maharashtra,Mumbai,29
Chamarbaug,400012,Maharashtra,Mumbai,69
Charkop,400067,Maharashtra,Mumbai,29
Charni Road,400004,Maharashtra,Mumbai,67
Chaupati,400004,Maharashtra,Mumbai,85
Chinchbunder,400009,Maharashtra,Mumbai,60
Chinchpokli,400011,Maharashtra,Mumbai,75
Churchgate,400020,Maharashtra,Mumbai,49
Colaba,400005,Maharashtra,Mumbai,79
Cotton Exchange,400033,Maharashtra,Mumbai,60
Cumballa Hill,400026,Maharashtra,Mumbai,94
Cumballa Sea face,400026,Maharashtra,Mumbai,50
Dadar,400014,Maharashtra,Mumbai,83
Dadar Colony,400014,Maharashtra,Mumbai,96
Dahisar,400068,Maharashtra,Mumbai,37
Dahisar Rs,400068,Maharashtra,Mumbai,39
Danda,400052,Maharashtra,Mumbai,37
Daulat Nagar,400066,Maharashtra,Mumbai,35
Delisle Road,400013,Maharashtra,Mumbai,70
Dharavi,400017,Maharashtra,Mumbai,91
Dharavi Road,400017,Maharashtra,Mumbai,62
Dockyard Road,400010,Maharashtra,Mumbai,100
Dr Deshmukh marg,400026,Maharashtra,Mumbai,76
Falkland Road,400008,Maharashtra,Mumbai,68
Girgaon,400004,Maharashtra,Mumbai,90
Gokhale Road,400028,Maharashtra,Mumbai,60
Goregaon,400062,Maharashtra,Mumbai,23
Goregaon East,400063,Maharashtra,Mumbai,21
Goregaon Rs,400062,Maharashtra,Mumbai,37
Government Colony,400051,Maharashtra,Mumbai,27
Gowalia Tank,400026,Maharashtra,Mumbai,56
Grant Road,400007,Maharashtra,Mumbai,70
H.M.p. school,400058,Maharashtra,Mumbai,26
Haffkin Institute,400012,Maharashtra,Mumbai,70
Haines Road,400011,Maharashtra,Mumbai,97
Hajiali,400034,Maharashtra,Mumbai,54
Hanuman Road,400057,Maharashtra,Mumbai,35
High Court bulding,400032,Maharashtra,Mumbai,51
Holiday Camp,400005,Maharashtra,Mumbai,94
Irla,400056,Maharashtra,Mumbai,26
Ins Hamla,400095,Maharashtra,Mumbai,22
International Airport,400099,Maharashtra,Mumbai,22
J.B. nagar,400059,Maharashtra,Mumbai,37
J.J.hospital,400008,Maharashtra,Mumbai,61
Jacob Circle,400011,Maharashtra,Mumbai,69
Jogeshwari East,400060,Maharashtra,Mumbai,38
Jogeshwari West,400102,Maharashtra,Mumbai,32
Juhu,400049,Maharashtra,Mumbai,25
Kalachowki,400033,Maharashtra,Mumbai,60
Kalbadevi,400002,Maharashtra,Mumbai,61
Kamathipura,400008,Maharashtra,Mumbai,92
Kandivali East,400101,Maharashtra,Mumbai,22
Kandivali West,400067,Maharashtra,Mumbai,28
Kapad Bazar,400016,Maharashtra,Mumbai,65
Ketkipada,400068,Maharashtra,Mumbai,29
Khar Colony,400052,Maharashtra,Mumbai,31
Khar Delivery,400052,Maharashtra,Mumbai,20
Kharodi,400095,Maharashtra,Mumbai,31
Kherwadi,400051,Maharashtra,Mumbai,33
Kidwai Nagar,400031,Maharashtra,Mumbai,58
L B s n e collage,400033,Maharashtra,Mumbai,49
Lal Baug,400012,Maharashtra,Mumbai,70
Liberty Garden,400064,Maharashtra,Mumbai,27
M A marg,400008,Maharashtra,Mumbai,95
M.P.t.,400001,Maharashtra,Mumbai,85
Madh,400061,Maharashtra,Mumbai,25
Madhavbaug,400004,Maharashtra,Mumbai,
Magthane,400066,Maharashtra,Mumbai,39
Mahim,400016,Maharashtra,Mumbai,77
Mahim Bazar,400016,Maharashtra,Mumbai,71
Mahim East,400016,Maharashtra,Mumbai,86
Malabar Hill,400006,Maharashtra,Mumbai,75
Malad,400064,Maharashtra,Mumbai,28
Malad East,400097,Maharashtra,Mumbai,32
Malad West dely,400064,Maharashtra,Mumbai,30
Mandapeshwar,400103,Maharashtra,Mumbai,32
Mandvi,400003,Maharashtra,Mumbai,96
Mantralaya,400032,Maharashtra,Mumbai,46
Marine Lines,400020,Maharashtra,Mumbai,45
Marol Bazar,400059,Maharashtra,Mumbai,25
Marol Naka,400059,Maharashtra,Mumbai,26
Masjid,400003,Maharashtra,Mumbai,68
Matunga Railway workshop,400019,Maharashtra,Mumbai,59
Mazgaon,400010,Maharashtra,Mumbai,84
Mazgaon Dock,400010,Maharashtra,Mumbai,60
Mazgaon Road,400010,Maharashtra,Mumbai,100
Mori Road,400016,Maharashtra,Mumbai,80
Motilal Nagar,400104,Maharashtra,Mumbai,24
Mumbai Central,400008,Maharashtra,Mumbai,68
Mumbai.,400001,Maharashtra,Mumbai,100
N . s.patkar,400007,Maharashtra,Mumbai,68
Nagardas Road,400069,Maharashtra,Mumbai,34
Nagari Niwara,400065,Maharashtra,Mumbai,35
Naigaon,400014,Maharashtra,Mumbai,84
Nariman Point,400021,Maharashtra,Mumbai,58
New Prabhadevi road,400025,Maharashtra,Mumbai,53
New Yogakshema,400021,Maharashtra,Mumbai,59
Noor Baug,400003,Maharashtra,Mumbai,92
Null Bazar,400003,Maharashtra,Mumbai,92
Opera House,400004,Maharashtra,Mumbai,92
Orlem,400064,Maharashtra,Mumbai,34
Oshiwara,400102,Maharashtra,Mumbai,25
Parel,400012,Maharashtra,Mumbai,90
Parel Naka,400012,Maharashtra,Mumbai,91
Parel Rly work shop,400003,Maharashtra,Mumbai,96
Prabhadevi,400025,Maharashtra,Mumbai,59
Princess Dock,400009,Maharashtra,Mumbai,88
Rajbhavan,400035,Maharashtra,Mumbai,57
Rajendra Nagar,400066,Maharashtra,Mumbai,34
Ramwadi,400002,Maharashtra,Mumbai,96
Ranade Road,400028,Maharashtra,Mumbai,56
Rani Sati marg,400097,Maharashtra,Mumbai,33
Reay Road,400033,Maharashtra,Mumbai,54
S R p f camp,400060,Maharashtra,Mumbai,29
S Savarkar marg,400028,Maharashtra,Mumbai,47
S V marg,400007,Maharashtra,Mumbai,61
S. c. court,400002,Maharashtra,Mumbai,85
S. k.nagar,400066,Maharashtra,Mumbai,29
Sahar P & t colony,400099,Maharashtra,Mumbai,32
Sahargaon,400099,Maharashtra,Mumbai,35
Santacruz Central,400054,Maharashtra,Mumbai,30
Santacruz P&t colony,400029,Maharashtra,Mumbai,32
Santacruz(east),400055,Maharashtra,Mumbai,23
Santacruz(west),400054,Maharashtra,Mumbai,21
Secretariate,400032,Maharashtra,Mumbai,51
Seepz,400096,Maharashtra,Mumbai,83
Sewri,400015,Maharashtra,Mumbai,93
Sharma Estate,400063,Maharashtra,Mumbai,40
Shivaji Park,400028,Maharashtra,Mumbai,49
Shroff Mahajan,400002,Maharashtra,Mumbai,65
Stock Exchange,400001,Maharashtra,Mumbai,87
Tajmahal,400001,Maharashtra,Mumbai,96
Tank Road,400033,Maharashtra,Mumbai,50
Tardeo,400007,Maharashtra,Mumbai,98
Thakurdwar,400002,Maharashtra,Mumbai,70
Town Hall,400001,Maharashtra,Mumbai,79
Tulsiwadi,400034,Maharashtra,Mumbai,60
V J b udyan,400027,Maharashtra,Mumbai,57
V K bhavan,400010,Maharashtra,Mumbai,84
V.P. road,400052,Maharashtra,Mumbai,37
V.W.t.c.,400005,Maharashtra,Mumbai,67
Vakola,400055,Maharashtra,Mumbai,21
Vesava,400061,Maharashtra,Mumbai,39
Vidyanagari,400098,Maharashtra,Mumbai,40
Vileeparle (east),400057,Maharashtra,Mumbai,34
Vileparle Railway station,400057,Maharashtra,Mumbai,36
Vileparle(west),400056,Maharashtra,Mumbai,26
Wadala,400031,Maharashtra,Mumbai,51
Wadala Rs,400031,Maharashtra,Mumbai,49
Worli,400018,Maharashtra,Mumbai,57
Worli Colony,400030,Maharashtra,Mumbai,49
Worli Naka,400018,Maharashtra,Mumbai,57
Worli Police camp,400030,Maharashtra,Mumbai,58
Worli Sea face,400030,Maharashtra,Mumbai,51
